;title;author;published_date;published_date_precision;link;clean_url;excerpt;summary;rights;rank;topic;country;language;authors;media;is_opinion;twitter_account;_score;_id
0;How to Consolidate Multiple Excel Workbooks With Python;Gaurav Siyal;2022-03-14 16:45:13;full;https://www.makeuseof.com/consolidate-excel-workbooks-python;makeuseof.com;No matter how many Excel spreadsheets you want to combine, Python lets you do it with relative ease. Here, you can learn all about it.;"Python, as a language, is valuable beyond measure, especially when you want to work with structured data. Since people store a lot of data in Excel files, it is imperative to consolidate multiple files to save time and effort. Python lets you do exactly that; no matter how many Excel files you want to combine, you can do it with relative ease. Given its range of libraries and third-party resources, you can import and use Python's multi-faceted tools to do your bidding.
In this guide, you will need to install and use the Pandas libraries to import data into Python before consolidating it.";makeuseof.com;1729;news;CA;en;['Gaurav Siyal'];https://static1.makeuseofimages.com/wordpress/wp-content/uploads/2022/03/Python-code.jpg;False;@MUO_official;22.768394;78fec47843bec1ca5eaf42b75dc696ae
1;Python vs SQL for Data Analysis: comparing performance, functionality and dev XP;/u/rrpelgrim;2022-03-15 14:55:44;full;https://www.reddit.com/r/Python/comments/tequ97/python_vs_sql_for_data_analysis_comparing;reddit.com;The clean division of data analysis labor between Python and SQL seems to be fading with tools like;"The clean division of data analysis labor between Python and SQL seems to be fading with tools like dbt, Snowpark and dask-sql. The article shared below compares the two languages in terms of performance, functionality and developer XP.

Quick summary:

Performance

Running SQL code on data warehouses is generally faster than Python for querying data and doing basic aggregations. This is because SQL queries move code to data instead of data to code. That said, parallel computing solutions like Dask and others that scale Python code to larger-than-memory datasets can significantly lower processing times compared to traditional libraries like pandas.";reddit.com;38;tech;US;en;['/u/rrpelgrim'];https://www.redditstatic.com/desktop2x/img/favicon/apple-icon-57x57.png;False;;20.590818;334b43414a64cd7519ce83f158d447c0
2;Learn the world's most poplular programming language with this $50 course bundle;ZDNet Academy;2022-03-12 14:00:02;timezone unknown;https://www.zdnet.com/article/learn-the-worlds-most-popular-programming-language-with-this-50-course-bundle;zdnet.com;Python is now the world's most popular programming language and you can learn it in your own time.;StackCommerce Python is the world's most popular programming language, and if you've ever wanted to learn how to code, it's a great place to start. Python is a relatively easy language to learn, given its straightforward syntax. Still, its general-use nature and enormous scalability make it especially powerful and valuable to know in the modern workplace.Want to learn Python? Check out The Complete Python Programming Certification Bundle. This 12-course bundle gives you beginner-to-advanced training from some of the web's leading instructors.;zdnet.com;298;news;US;en;['Zdnet Academy'];https://www.zdnet.com/a/img/resize/63ddc7d13d748ebe2c145617991235a59f576886/2022/03/08/410883ae-a946-4c00-892c-4646fa7dda89/zd-complete-python.jpg?width=770&height=578&fit=crop&auto=webp;False;@ZDNet;20.397707;efc6ade934be517f4fe9d1f12c988606
3;Use Join to Concatenate Text Not '+';Yancy Dennis;2022-03-18 01:19:25;full;https://medium.com/@dennisyd/use-join-to-concatenate-text-not-90bae58c4275?source=rss------artificial_intelligence-5;medium.com;I just read an article on medium about using the '+' sign to concatenate text:Continue reading on Medium »;"Use Join to Concatenate Text Not '+'

I just read an article on medium about using the '+' sign to concatenate text:

https://medium.com/@deallen7/how-to-use-pythons-equivalent-of-excel-s-concat-function-d645216428c5

Sure it works, but it is definitely not the best way to do it.

Photo by Hannah Busing on Unsplash

I recommend using join, it offers more flexibility than using the '+' sign.";medium.com;52;entertainment;US;en;['Yancy Dennis'];https://miro.medium.com/max/1200/1*frrMOkeilnN1TKlE03tnpQ.jpeg;False;@Medium;18.159605;ce19bd0e062bfd96da8d90754e2fcf0f
4;Reading from Multiple Sheets in an Excel File with Python;Yancy Dennis;2022-03-13 23:40:12;full;https://medium.com/@dennisyd/reading-from-multiple-sheets-in-an-excel-file-with-python-460004b4036d;medium.com;So, the first step is to identify the sheets that want to read then put those sheets in a list. In my case, I needed to collect a number of…;So, the first step is to identify the sheets that want to read then put those sheets in a list. In my case, I needed to collect a number of terms of across multiple sheets and then use those terms to create additional columns in a DataFrame. Finally, I had to populate the data based on the content from multiple text files obtained from an OCR process to extract text from pdf documents.Photo by Mika Baumeister on Unsplash;plainenglish.io;52;entertainment;US;en;['Yancy Dennis'];https://miro.medium.com/max/1200/1*71TTPkOJaZrLAD9z4EEoDw.jpeg;False;@Medium;18.140224;2c6fe8ef049b3b965cbb74145c60dbbe
5;If you want to be a professional programmer, these online courses are a must-have;Boing Boing's Shop;2022-03-17 21:00:00;full;https://boingboing.net/2022/03/17/if-you-want-to-be-a-professional-programmer-these-online-courses-are-a-must-have.html;boingboing.net;Whether you're looking for a new career path or simply want to sharpen your engineering skills, learning the languages today's biggest developers use to build some of the worl…;"Whether you're looking for a new career path or simply want to sharpen your engineering skills, learning the languages today's biggest developers use to build some of the world's most exciting technology is a great place to start. And considering that there is so much opportunity in the world of programming, making an investment in your education can pay you back ten-fold.
But before you sign up for some expensive courses somewhere, you may want to opt for the affordable yet stellar lessons offered in The 2022 Complete Raspberry Pi & Python Hacker Bundle.";boingboing.net;1130;news;US;en;"[""Boing Boing'S Shop""]";https://i0.wp.com/boingboing.net/wp-content/uploads/2022/03/sale_311591_article_image-1.jpg?fit=1200%2C800&ssl=1;False;@BoingBoing;15.810794;a5b4f5dbc51294022a4e172768f79d5e
6;List of Part-Time Internships With Job Options, Can apply till March 24;;2022-03-12 12:14:51;full;https://www.news18.com/news/education-career/list-of-part-time-internships-with-job-options-can-apply-till-march-24-4868264.html;news18.com;If you are looking for good opportunities to learn and expand your knowledge horizon, then you can opt for these internships.;Internships are a great way to make your theoretical knowledge test in the practical field. If you are looking for good opportunities to learn and expand your knowledge horizon, then you can opt for these internships.Content Writing at TechQuilaThe two-month-long internship is for the online platform, that writes about technology, science and entertainment. The internship is work-from-home. The joining is immediate and is between March 10 and April 14. Selected candidates will receive a stipend of Rs10,000 per month, Letter of Recommendation and a job offer.;news18.com;2883;economics;IN;en;[];https://images.news18.com/ibnlive/uploads/2022/03/ssc-chsl-164657221116x9.jpg;False;@cnnnews18;14.9782505;ef2db853154ed9ccd91301b28547c61f
7;BEST ANIMATED FEATURE GOES TO 'THE MILLERS vs THE MACHINES';Annual Annie Awards;2022-03-13 05:00:00;full;https://www.prnewswire.com/news-releases/best-animated-feature-goes-to-the-millers-vs-the-machines-301500791.html;prnewswire.com;/PRNewswire/ -- Sony Pictures Animation was a big winner Saturday evening during the 49th Virtual Annie Awards™. The Mitchells vs The Machines received eight...;LOS ANGELES, March 13, 2022 /PRNewswire/ -- Sony Pictures Animation was a big winner Saturday evening during the 49th Virtual Annie Awards™. The Mitchells vs The Machines received eight Annies including Best Feature, Best FX (Christopher Logan, Man-Louk Chin, Devdatta Nerurkar, Pav Grochola, Filippo Maccari), Character Design (Lindsey Olivares), Direction (Mike Rianda, Jeff Rowe), Production Design (Lindsey Olivares, Toby Wilson, Dave Bleich), Voice Acting (Abbi Jacobson as the voice of Katie Mitchell), Writing (Mike Rianda, Jeff Rowe) and Editorial (Greg Levitan, Collin Wightman, T.;prnewswire.com;216;news;US;en;['Annual Annie Awards'];https://www.prnewswire.com:443/content/dam/prnewswire/icons/2019-Q4-PRN-Icon-32-32.png;False;@PRNewswire;14.354197;11314d878c7820b02b8da9e61125cf82
8;BEST ANIMATED FEATURE GOES TO 'THE MILLERS vs THE MACHINES';Annual Annie Awards;2022-03-13 05:00:00;full;https://www.wfmz.com/news/pr_newswire/pr_newswire_entertainment/best-animated-feature-goes-to-the-millers-vs-the-machines/article_dfc51085-7744-5e3c-a977-3c43cec16f22.html;wfmz.com;LOS ANGELES, March 13, 2022 /PRNewswire/ -- Sony Pictures Animation was a big winner Saturday evening during the 49th Virtual Annie Awards™. The Mitchells vs The Machines received eight Annies;LOS ANGELES, March 13, 2022 /PRNewswire/ -- Sony Pictures Animation was a big winner Saturday evening during the 49th Virtual Annie Awards™. The Mitchells vs The Machines received eight Annies including Best Feature, Best FX (Christopher Logan, Man-Louk Chin, Devdatta Nerurkar, Pav Grochola, Filippo Maccari), Character Design (Lindsey Olivares), Direction (Mike Rianda, Jeff Rowe), Production Design (Lindsey Olivares, Toby Wilson, Dave Bleich), Voice Acting (Abbi Jacobson as the voice of Katie Mitchell), Writing (Mike Rianda, Jeff Rowe) and Editorial (Greg Levitan, Collin Wightman, T.;wfmz.com;7903;news;US;en;['Annual Annie Awards'];https://bloximages.newyork1.vip.townnews.com/wfmz.com/content/tncms/custom/image/b9818ac0-ee9a-11e9-8e9f-a3b831b71481.jpg?resize=600%2C338;False;@69News;14.239886;df66094ef1f2876181c63cff658c9028
9;Controls Software Developer (Al Ashley Fellowship) in Menlo Park, CA for SLAC National Accelerator Laboratory;;2022-03-11 02:34:15;full;https://careers.aps.org/jobs/16440799/controls-software-developer-al-ashley-fellowship;aps.org;Exciting opportunity in Menlo Park, CA for SLAC National Accelerator Laboratory as a Controls Sof...;"Use this area to filter your search results. Each filter option allows for multiple selections. Level Entry Level (40) Experienced (160) Summer Research/Internship (38) Sector Academic (128) Government and National Lab (54) Non-Profit (15) Other (2) Private Sector (57) Degree/Education 4 Year Degree (32) Current Undergraduate (35) Doctorate (147) Masters (24) 
 Save Agent Nationwide Sunnyvale, California Germany Quantum Systems Integrator Finland Quantum Hardware Engineer Munich, Germany Quantum Engineer, Experiments Germany Quantum Software Engineer Munich, Germany Quantum Algorithm Engineer Munich, Germany Livingston, Louisiana Alonzo W Ashley Fellowship  The Alonzo W.";;1741;news;US;en;[];http://careers.aps.org/nsutilities/showLogo.cfm?id=1291567&orgType=employer&logoType=Primary&shareposting=1;False;;14.101982;b3489e67d52e4b9835b434c21a177b46
10;BEST ANIMATED FEATURE GOES TO 'THE MILLERS vs THE MACHINES';;2022-03-13 05:12:23;full;https://finance.yahoo.com/news/best-animated-feature-goes-millers-050000292.html;yahoo.com;Sony Pictures Animation Takes Home 8 Annie Awards™ Saturday Night During The 49th Virtual CeremonyLOS ANGELES, March 13, 2022 /PRNewswire/ -- Sony Pictures Animation was a big winner Saturday evening…;"Sony Pictures Animation Takes Home 8 Annie Awards™ Saturday Night During The 49th Virtual Ceremony

LOS ANGELES, March 13, 2022 /PRNewswire/ -- Sony Pictures Animation was a big winner Saturday evening during the 49th Virtual Annie Awards™. The Mitchells vs The Machines received eight Annies including Best Feature, Best FX (Christopher Logan, Man-Louk Chin, Devdatta Nerurkar, Pav Grochola, Filippo Maccari), Character Design (Lindsey Olivares), Direction (Mike Rianda, Jeff Rowe), Production Design (Lindsey Olivares, Toby Wilson, Dave Bleich), Voice Acting (Abbi Jacobson as the voice of Katie Mitchell), Writing (Mike Rianda, Jeff Rowe) and Editorial (Greg Levitan, Collin Wightman, T.";yahoo.com;30;news;US;en;[];https://s.yimg.com/uu/api/res/1.2/AshkPK4WZXoKjHPVafsHyQ--~B/aD0xNjt3PTE2O2FwcGlkPXl0YWNoeW9u/https://media.zenfs.com/en/prnewswire.com/1e5f4dee8e25e82651eb87ffc9f1b5e5;False;;13.865003;1ef105cb7b00799095b607ce0bc4414e
11;BEST ANIMATED FEATURE GOES TO 'THE MILLERS vs THE MACHINES';;2022-03-13 00:00:00;date;https://www.hawaiinewsnow.com/prnewswire/2022/03/13/best-animated-feature-goes-the-millers-vs-machines;hawaiinewsnow.com;Sony Pictures Animation Takes Home 8 Annie Awards™ Saturday Night During The 49th Virtual Ceremony;LOS ANGELES, March 13, 2022 /PRNewswire/ -- Sony Pictures Animation was a big winner Saturday evening during the 49th Virtual Annie Awards™. The Mitchells vs The Machines received eight Annies including Best Feature, Best FX (Christopher Logan, Man-Louk Chin, Devdatta Nerurkar, Pav Grochola, Filippo Maccari), Character Design (Lindsey Olivares), Direction (Mike Rianda, Jeff Rowe), Production Design (Lindsey Olivares, Toby Wilson, Dave Bleich), Voice Acting (Abbi Jacobson as the voice of Katie Mitchell), Writing (Mike Rianda, Jeff Rowe) and Editorial (Greg Levitan, Collin Wightman, T.;hawaiinewsnow.com;5274;news;US;en;[];https://www.hawaiinewsnow.com/pf/resources/images/logo-icons/khnl.svg?d=235;False;;13.80965;d2d6d4b151a8f6f710384434f79e86f4
12;BEST ANIMATED FEATURE GOES TO 'THE MILLERS vs THE MACHINES';;2022-03-13 00:00:00;date;https://www.nbc12.com/prnewswire/2022/03/13/best-animated-feature-goes-the-millers-vs-machines;nbc12.com;Sony Pictures Animation Takes Home 8 Annie Awards™ Saturday Night During The 49th Virtual Ceremony;LOS ANGELES, March 13, 2022 /PRNewswire/ -- Sony Pictures Animation was a big winner Saturday evening during the 49th Virtual Annie Awards™. The Mitchells vs The Machines received eight Annies including Best Feature, Best FX (Christopher Logan, Man-Louk Chin, Devdatta Nerurkar, Pav Grochola, Filippo Maccari), Character Design (Lindsey Olivares), Direction (Mike Rianda, Jeff Rowe), Production Design (Lindsey Olivares, Toby Wilson, Dave Bleich), Voice Acting (Abbi Jacobson as the voice of Katie Mitchell), Writing (Mike Rianda, Jeff Rowe) and Editorial (Greg Levitan, Collin Wightman, T.;nbc12.com;9646;news;US;en;[];https://www.nbc12.com/pf/resources/images/logo-icons/wwbt.svg?d=235;False;;13.739434;3a1904bed0172c9fbd564c7dda063ae4
13;BEST ANIMATED FEATURE GOES TO 'THE MILLERS vs THE MACHINES';;2022-03-13 00:00:00;date;https://www.wbtv.com/prnewswire/2022/03/13/best-animated-feature-goes-the-millers-vs-machines;wbtv.com;Sony Pictures Animation Takes Home 8 Annie Awards™ Saturday Night During The 49th Virtual Ceremony;LOS ANGELES, March 13, 2022 /PRNewswire/ -- Sony Pictures Animation was a big winner Saturday evening during the 49th Virtual Annie Awards™. The Mitchells vs The Machines received eight Annies including Best Feature, Best FX (Christopher Logan, Man-Louk Chin, Devdatta Nerurkar, Pav Grochola, Filippo Maccari), Character Design (Lindsey Olivares), Direction (Mike Rianda, Jeff Rowe), Production Design (Lindsey Olivares, Toby Wilson, Dave Bleich), Voice Acting (Abbi Jacobson as the voice of Katie Mitchell), Writing (Mike Rianda, Jeff Rowe) and Editorial (Greg Levitan, Collin Wightman, T.;wbtv.com;9579;news;US;en;[];https://www.wbtv.com/pf/resources/images/logo-icons/wbtv.svg?d=235;False;;13.733832;c57d9578a69bd13b6b880e5caf6c26b9
14;BEST ANIMATED FEATURE GOES TO 'THE MILLERS vs THE MACHINES';PRNewswire, Contributor;2022-03-13 05:00:00;full;https://www.benzinga.com/node/26114045;benzinga.com;LOS ANGELES, March 13, 2022 /PRNewswire/ -- Sony Pictures Animation was a big winner Saturday evening during the 49th Virtual Annie Awards™. The Mitchells vs The Machines received eight Annies…;LOS ANGELES, March 13, 2022 /PRNewswire/ -- Sony Pictures Animation was a big winner Saturday evening during the 49th Virtual Annie Awards™. The Mitchells vs The Machines received eight Annies including Best Feature, Best FX (Christopher Logan, Man-Louk Chin, Devdatta Nerurkar, Pav Grochola, Filippo Maccari), Character Design (Lindsey Olivares), Direction (Mike Rianda, Jeff Rowe), Production Design (Lindsey Olivares, Toby Wilson, Dave Bleich), Voice Acting (Abbi Jacobson as the voice of Katie Mitchell), Writing (Mike Rianda, Jeff Rowe) and Editorial (Greg Levitan, Collin Wightman, T.;benzinga.com;2282;news;US;en;['PRNewswire'];https://www.benzinga.com/next-assets/images/schema-image-default.png;False;@benzinga;13.57737;097041c5247022410e897e35fcd03ee0
15;BEST ANIMATED FEATURE GOES TO 'THE MILLERS vs THE MACHINES';;2022-03-13 05:02:19;full;https://www.streetinsider.com/PRNewswire/BEST+ANIMATED+FEATURE+GOES+TO+THE+MILLERS+vs+THE+MACHINES/19766856.html;streetinsider.com;LOS ANGELES, March 13, 2022 /PRNewswire/ -- Sony Pictures Animation was a big winner Saturday evening during the 49th Virtual Annie Awards. The Mitchells vs The Machines received eight...;LOS ANGELES, March 13, 2022 /PRNewswire/ -- Sony Pictures Animation was a big winner Saturday evening during the 49th Virtual Annie Awardsâ'¢. The Mitchells vs The Machines received eight AnniesÂ including Best Feature, Best FX (Christopher Logan, Man-Louk Chin, Devdatta Nerurkar, Pav Grochola, Filippo Maccari), Character Design (Lindsey Olivares), Direction (Mike Rianda, Jeff Rowe), Production Design (Lindsey Olivares, Toby Wilson, Dave Bleich), Voice Acting (Abbi Jacobson as the voice of Katie Mitchell), Writing (Mike Rianda, Jeff Rowe) and Editorial (Greg Levitan, Collin Wightman, T.;streetinsider.com;3691;news;GB;en;[];http://www.streetinsider.com/images/silogo-new.png;False;;13.185825;99d28c58e924666ea9e45485d354676b
16;Emerson Electric : New Formation Evaluation Software Release Boosts Understanding of Reservoir Conditions;MarketScreener;2022-03-12 08:04:20;full;https://www.marketscreener.com/quote/stock/EMERSON-ELECTRIC-CO-12451/news/Emerson-Electric-New-Formation-Evaluation-Software-Release-Boosts-Understanding-of-Reservoir-Condi-39740516/?utm_medium=RSS;marketscreener.com;Geolog 19 delivers expanded functionality to petrophysicists, geologists and engineers throughout the entire well life cycle HOUSTON - Emerson announced today the release of... | March 12, 2022;"(EMR)   Report 
 Geolog 19 delivers expanded functionality to petrophysicists, geologists and engineers throughout the entire well life cycle HOUSTON (June 17, 2019) - Emerson announced today the release of Geolog™ 19, the latest version of its formation evaluation software suite. Geolog 19 will be unveiled at the 60th Annual Society of Petrophysicists and Well Log Analysts (SPWLA) Symposium, to be held June 15-19 in The Woodlands, Texas. Show attendees are invited to visit the Emerson booth 313, where Geolog experts will be on hand to provide further insight into the new features and benefits included in the release.";Copyright 2001 - 2022 Surperformance;5864;finance;US;en;['MarketScreener'];https://www.marketscreener.com/images/twitter_MS_fdgris.png;False;@ForTraders;13.184781;9f8f016caa622ad09674655e7ef589c1
17;Postdoctoral Position in Experimental Molecular Astrophysics;;2022-03-11 21:39:22;full;https://careers.aps.org/jobs/rss/16447762/postdoctoral-position-in-experimental-molecular-astrophysics;aps.org;Nationwide, The Columbia Astrophysics Laboratory (CAL) invites applications for a Postdoctoral Resea;"Details Posted: 11-Mar-22 Location: Nationwide Required Education: Masters Categories: Physics: Astrophysics Physics: Atomic and Molecular Physics: Plasma Sector: Academic Work Function: Postdoctoral Research Additional Information: Employer will assist with relocation costs.

The Columbia Astrophysics Laboratory (CAL) invites applications for a Postdoctoral Research Scientist (PdRS) to perform laboratory studies of dissociative recombination for key molecular ions that are used to probe the properties of diffuse clouds in the interstellar medium.";aps.org;1741;news;US;en;[];https://careers.aps.org/nsutilities/showLogo.cfm?id=86197&orgType=client&logoType=primary;False;;12.702055;6e620c27097dd28ab6e3cd62e4207241
18;Scientific Coordinator / Knowledge Graph Engineer;;2022-03-13 23:45:00;timezone unknown;https://www.nature.com/naturecareers/job/scientific-coordinator-knowledge-graph-engineer-swiss-institute-of-bioinformatics-sib-754057;nature.com;To leverage the potential of health-related data for better disease prevention, improved medical practice and ground-breaking innovative treatments, transdisciplinary scientific research, as well as…;To leverage the potential of health-related data for better disease prevention, improved medical practice and ground-breaking innovative treatments, transdisciplinary scientific research, as well as specific infrastructural efforts, are necessary. With the overall goal of the Swiss Personalized Health Network (SPHN) initiative to make health-data FAIR (findable, accessible, interoperable, and re-usable) and foster use and exchange of health data for research, the SIB's Personalized Health Informatics Group is setting up infrastructures and innovative solutions to facilitate data analysis.;nature.com;123;economics;GB;en;[];https://www.nature.com/naturecareers/img/favicons/nature/android-chrome-192x192-208047fe79.png;False;;12.603699;9cfb1102cf5e4b7ffa226e3f28592735
19;Machine learning on supercomputers: data processing;Bhaskar Agarwal;2022-03-15 13:08:14;full;https://medium.com/@a.bhaskar.is/machine-learning-on-supercomputers-data-processing-aa403e51516b;medium.com;Part 1 of the hail prediction solution using high-performance computing.;Image courtesy: CINECA.As a data scientist in the high-performance computing (HPC) division of CINECA, I was tasked with the problem of day-ahead hail prediction for the EU-funded CYBELE project. The purpose of this project was to develop a hail prediction model to be integrated in the Cybele Demonstrator 3, which was a result of a collaboration between CINECA, GMV, and CACV- a farmer federation based in Valencia that provided the user requirements and the historical observational data.In this series of articles, I will outline the approach we took and the lessons learnt in the process of developing a machine learning (ML) project on HPC architecture.;medium.com;52;entertainment;US;en;['Bhaskar Agarwal'];https://miro.medium.com/max/1200/1*Tt95A9phyIh-6r0T6ZwTOg.jpeg;False;@Medium;12.4689865;cba428a0b5696b04efeeeb9c6330a996
20;Doc On ‘The Kids In The Hall' Shows How Canadian Comedy Troupe Did Things Differently: 'They Came Out Of A Punk Sensibility' — SXSW;Matthew Carey;2022-03-17 15:30:42;full;https://deadline.com/video/the-kids-in-the-hall-comedy-punks-sxsw-documentary-director-reg-harkema-executive-producers-nick-mckinney-paul-myers-interview;deadline.com;When The Kids in the Hall sketch comedy series hit TV in the late 1980s, it rapidly developed a devoted fan base. Stars Dave Foley, Kevin McDonald, Mark McKinney, Bruce McCullough, and Scott Thomps…;"When The Kids in the Hall sketch comedy series hit TV in the late 1980s, it rapidly developed a devoted fan base. Stars Dave Foley, Kevin McDonald, Mark McKinney, Bruce McCullough, and Scott Thompson – all nurtured in Canada — created an array of human, yet often twisted characters including Buddy Cole, the Chicken Lady, and prostitutes Maudre and Jocelyn.
Now, more than 30 years after the show's debut, the documentary The Kids in the Hall: Comedy Punks, celebrates The Kids' achievements and what made them distinct, for instance, from Saturday Night Live or SCTV.";deadline.com;1003;entertainment;US;en;['Matthew Carey'];https://deadline.com/wp-content/uploads/2022/03/The-Kids-in-the-Hall-Comedy-Punks-e1647502698319.png?w=912;False;@mattcarey;12.366198;f031b2bea0d7168df8bb437b5fb15cce
21;New York Institute of Technology;Newsweek Educational Insight Team;2022-03-16 14:44:09;full;https://www.newsweek.com/insights/leading-engineering-programs-2022/new-york-institute-technology;newsweek.com;New York Institute of Technology;In a February 2022 report issued by Georgetown University's Center on Education and the Workforce, New York Institute of Technology ranked among the top 2 percent of U.S. colleges for return on investment (ROI) for low-income students. New York Tech, one of the most affordable private universities in New York State, ranked No. 72 among 3,410 U.S. institutions, including public and private, non- and for-profit institutions offering certificate, associate, and bachelor's degrees.New York Tech's high-quality College of Engineering and Computing Sciences undergraduate and graduate programs prepare students for advanced studies and challenging positions in business, government, and industry.;newsweek.com;392;news;US;en;['Newsweek Educational Insight Team'];https://d.newsweek.com/en/full/2002593/nyit-main.jpg;False;@newsweek;12.06404;98fe74a3f55af28a6a7b4137e9341e29
22;Senior Fullstack Developer at Litnerd at Litnerd;;2022-03-16 12:00:43;full;https://www.ycombinator.com/companies/litnerd/jobs/v4OjVud-senior-fullstack-developer-at-litnerd;ycombinator.com;Litnerd Engineering Org Overview. Eng topology chart: https://www.figma.com/file/6rFlomXiaKyE4pVQ9O7Qod/engineering-topology Litnerd's mission is to inspire young people to fall in love with reading.…;"Litnerd Engineering Org Overview.
Eng topology chart: https://www.figma.com/file/6rFlomXiaKyE4pVQ9O7Qod/engineering-topology
Litnerd's mission is to inspire young people to fall in love with reading. We provide programs for students and teachers that make reading (and learning in general) fun. We do this by bringing books to life by reenacting our books as if you are watching your favorite TV show. 1 in 8 children in America grow up without learning how to read. 41% of 4th grade students are reading at a grade 1 level.";ycombinator.com;1135;tech;US;en;[];https://bookface-images.s3.amazonaws.com/logos/fc7092000f00e9e9f6d9dc5e8b7bea11cf0cbdf5.png?1624631962;False;;11.872992;e27662be6704aef71646cfd7875016ec
23;BWW Review: COSÍ FAN TUTTE at The Kennedy Center;Rachael F. Goldberg;2022-03-15 20:00:00;full;https://www.broadwayworld.com/washington-dc/article/BWW-Review-COS-FAN-TUTTE-at-The-Kennedy-Center-20220315;broadwayworld.com;Washington National Opera's take on Mozart's 1790 rom-com, 'Cosí fan tutte' is a delightful escape.;[l-r] Andrey Zhilikhovsky (baritone), Ana Maria Martinez (soprano), Kang Wang (tenor) in Cosí fan tutteAs we observe the two-year anniversary of the Covid-19 pandemic and watch unfolding war crimes as Russia attacks the sovereign nation of Ukraine, the world feels overwhelmingly bleak. As much as I love the power theater has to reflect our world, at times like this, I really could just use an escape.Thankfully, the Kennedy Center seems to be in agreement. The Washington National Opera's latest production is Mozart's battle-of-the-sexes comedy, Cosí fan tutte.;broadwayworld.com;2680;news;US;en;['Rachael F. Goldberg'];https://cloudimages.broadwayworld.com/columnpiccloud/1250-90f4993ecfceb9472853261513c98e2e.jpg;False;@broadwayworld;11.610103;af571c3e1e0c303e027511d3148ecead
24;A first look at threat intelligence and threat hunting tools;;2022-03-14 10:30:44;full;https://www.welivesecurity.com/2022/03/14/first-look-threat-intelligence-threat-hunting-tools;welivesecurity.com;Here are some of the most popular open-source tools for threat intelligence and threat hunting and how the two security disciplines complement each other.;"As the term threat intelligence can be easily confounded with threat hunting, we will first endeavor to outline some of the differences between them.
Threat intelligence refers to the aggregation and enrichment of data to create a recognizable profile of what a specific cyberattack, malicious campaign, or attacker's capability looks like.
Threat hunting, meanwhile, refers to the process of analyzing event data for abnormal and malicious behaviors in a network that could indicate the intrusion of an attacker, the theft of data, or other damage.";welivesecurity.com;5700;news;SK;en;[];https://www.welivesecurity.com/wp-content/uploads/2021/12/herramientas-threat-hunting-threat-intelligence.jpg;False;@welivesecurity;11.594696;fab7e2712531a7a228459706150941b2
25;Data Scientist Job Description [With Examples];Lee Davis;2022-03-16 18:00:44;full;https://www.forbes.com/advisor/business/data-scientist-job-description;forbes.com;Data scientists analyze data sets to identify different ways to improve the elements of business that are invisible to the naked eye. But not all data scientists are the right fit for every data…;"The ideal data scientist job description grabs the job seeker's attention while relaying pertinent information about the job. Remember, you're not just trying to find the right candidate for the role that needs to be filled. You're also competing with other employers for the attention of job seekers.
The anatomy of a good job description is made up of a job brief, responsibilities, qualifications, compensation and benefits information, and details about the company posting the job. Avoid trite language, buzzwords and clichés, and be descriptive.";forbes.com;51;economics;US;en;['Lee Davis', 'Rob Watts', 'Contributor', 'Published', 'Mar'];https://www.forbes.com/advisor/wp-content/uploads/2022/03/data_scientist_jd_-_article_image.jpg;False;;11.039155;6b5436f0846db5b152923e2e41533e06
26;Postdoctoral Research Fellow in Microbial Ecology and Bioinformatics;;2022-03-11 01:00:00;timezone unknown;https://www.nature.com/naturecareers/job/postdoctoral-research-fellow-in-microbial-ecology-and-bioinformatics-the-university-of-queensland-uq-752898;nature.com;SCHOOL OF EARTH AND ENVIRONMENTAL SCIENCES, THE UNIVERSITY OF QUEENSLAND, BRISBANE, AUSTRALIAAbout This OpportunityThis is a great opportunity to engage, as a Postdoctoral Research Fellow/Research…;SCHOOL OF EARTH AND ENVIRONMENTAL SCIENCES, THE UNIVERSITY OF QUEENSLAND, BRISBANE, AUSTRALIAAbout This OpportunityThis is a great opportunity to engage, as a Postdoctoral Research Fellow/Research Fellow, in a dynamic microbiome research group. You will perform bioinformatic and statistical analyses of plant, soil, human and clinical microbiomes. The successful applicant should have strong expertise in data wrangling and programming using Python and R (or equivalent languages). The position offers excellent opportunities to publish both in leadership and support roles through involvement in student supervision and mentorship within the group.;nature.com;123;economics;GB;en;[];https://www.nature.com/naturecareers/img/favicons/nature/android-chrome-192x192-208047fe79.png;False;;10.79417;afd3b42923999c1ca18ad4b667753ba2
27;Evolution Of The Web: 4 Future Enterprise SEO Considerations;Lemuel Park;2022-03-16 13:45:40;full;https://www.searchenginejournal.com/future-enterprise-seo/440607;searchenginejournal.com;Learn 4 key ways Enterprise SEO marketers can stay ahead of change and evolve with the growth of the web.;"As the web grows, more and more enterprises are now looking to SEO to help provide insights into how users interact with search engines and how they (and other sites) communicate autonomously.
This article highlights four trends and ways for Enterprise SEO marketers to stay ahead of change and the evolution of the web.
In a survey of CMOs in the United States, conducted in August 2021, 43% of respondents pointed to marketing technology, data, and analytics as their top priority for the upcoming 12 months.";searchenginejournal.com;1194;business;US;en;['Lemuel Park'];https://cdn.searchenginejournal.com/wp-content/uploads/2022/03/web-evolution-6220bd411f46e-sej.png;False;@sejournal;10.615106;09da3d60f3767ce355d34a330d6730df
28;Launch HN: Stock Unlock (YC W22) – Investment Education for Everyone;;2022-03-11 17:15:00;timezone unknown;https://news.ycombinator.com/item?id=30640295;ycombinator.com;Hi there HN! My name is Jake Ruth, and together with Nick Puljic and Daniel Pronk we are building Stock Unlock (https://stockunlock.com/), a web app that provides investment education and analysis…;Hi there HN! My name is Jake Ruth, and together with Nick Puljic and Daniel Pronk we are building Stock Unlock (https://stockunlock.com/), a web app that provides investment education and analysis tools. It's great to meet you all… and speaking of 'meeting', Nick and I only met Daniel in real life a couple weeks ago even though we have been working on this for over a year… but more to come on that later in the post :)As retail investors we noticed that many retail products have some combo of the following shortcomings: high paywalls, tricky to navigate web design, oversimplification of investing principles, and misaligned incentives that push users to trade more—instead of giving them adequate education to manage a successful portfolio.;ycombinator.com;1135;news;US;en;[];https://news.ycombinator.com/favicon.ico;False;;10.364768;c6be5643a3004bb600d51fce71e2aab0
29;Earth 2150 .par, .wd, .lan script tools file;;2022-03-13 22:19:28;full;https://www.moddb.com/downloads/earth-2150-par-wd-lan-script-tools;moddb.com;"Package contains Earth 2150 .par .wd .lan and other tools and source files for ""Mod for OSMod"" and also mod itself tutorial how to edit EARTH2150.par easily";"Package contains Earth 2150 .par .wd .lan and other tools and source files for ""Mod for OSMod"" and also mod itself
tutorial how to edit EARTH2150.par easily
 EARTH 2150 TRILOGY - Modding Tutorial - How to edit EARTH2150.parYoutube.com________________________________________________________________________This is needed to do once only :Copy EarthE2150_Tools folder to C: eg.: C:\EarthE2150_Tools\open Mass_Import_Export_CSV.xlsm (this is excel file with VBA macros MASS CSV Import/Export)1. RUN CombineCsvFiles() macro for mass import CSV files to xlsx sheets
For faster work is recommend to add macros as icons to excel toolbar, create ribbon1.";Copyright 2022, DBolical Pty Ltd;6296;news;AU;en;[];https://media.moddb.com/images/downloads/1/230/229473/MFOSMOD_logo2.jpg;False;@moddb;10.010537;f38382e6b56bbc0053cbac881321ea85
30;10 Movie Endings That Broke The Rules;Thomas Hutchinson;2022-03-15 18:00:18;full;https://collider.com/movie-endings-that-broke-the-rules;collider.com;'Learn the rules like a pro, so you can break them like an artist:' Films like 'The Mist' and 'Fight Club' did just that with their shocking endings.;"Ideally, there shouldn't be any ""rules"" when it comes to art, and people should be able to express themselves freely within a chosen medium. However, the reality is that movie-going audiences, particularly Western cultures, have certain expectations when they see a film. One of these is a satisfying or ""happy"" ending to proceedings. Of course, to challenge, play with and defy this convention is a way of making your work stand out from others. From some stellar and shocking final-act twists that recontextualize what you've just seen in the last two hours to endings that don't tie everything up in a neat little package, sometimes this subversion of our expectations can be thrilling and leave its mark on us.";;3183;entertainment;US;en;['Thomas Hutchinson'];https://static1.colliderimages.com/wordpress/wp-content/uploads/2022/03/Movie-Endings-that-Broke-the-Rules-Collage.jpg;False;@collider;9.954725;2b7d165bf19b3fd8d6871fc37d9031e5
31;The low-no-code series – Alveo: Lower high points in FinTech data integration;;2022-03-11 15:00:00;timezone unknown;https://www.computerweekly.com/blog/CW-Developer-Network/The-low-no-code-series-Alveo-Lower-high-points-in-FinTech-data-integration;computerweekly.com;The Computer Weekly Developer Network gets high-brow on low-code and no-code (LC/NC) technologies in an analysis series designed to uncover some of the nuances and particularities of this approach to…;The Computer Weekly Developer Network gets high-brow on low-code and no-code (LC/NC) technologies in an analysis series designed to uncover some of the nuances and particularities of this approach to software application development. Looking at the core mechanics of the applications, suites, platforms and services in this space, we seek to understand not just how apps are being built this way, but also… what shape, form, function and status these apps exist as… and what the implications are for enterprise software built this way, once it exists in live production environments.;computerweekly.com;2394;news;GB;en;[];https://itknowledgeexchange.techtarget.com/cwdn/files/2022/03/Neil-Sandle-Alveo-300x300.jpg;False;;9.383953;d1a5e4bb671f97774c5bec540d6d4569
32;What is synthetic data? Generated data to help your AI strategy;Maria Korolov;2022-03-15 09:30:00;timezone unknown;https://www.cio.com/article/305902/what-is-synthetic-data-generated-data-to-help-your-ai-strategy.html;cio.com;Artificially generated data can be used in place of real historic data to train AI models when actual data sets are lacking in quality, volume, or variety.;Synthetic data is artificially generated information that can be used in place of real historic data to train AI models when actual data sets are lacking in quality, volume, or variety. Synthetic data can also be a vital tool for enterprise AI efforts when available data doesn't meet business needs or could create privacy issues if used to train machine learning models, test software, or the like. According to Gartner analyst Svetlana Sicular, by 2024, 60% of the data used for the development of AI and analytics solutions will be synthetically generated, up from 1% in 2021.;cio.com;1431;news;US;en;['Author', 'Maria Korolov'];https://www.cio.com/wp-content/uploads/2022/03/binary_neural_network_artificial_intelligence_machine_learning_thinkstock_636754212_tinted-100747913-orig.jpg?quality=50&strip=all&w=1024;False;CIO;9.022591;b584af18874d6c827f34d5b654138365
33;Accelerator Physicist in Menlo Park, CA for SLAC National Accelerator Laboratory;;2022-03-11 02:43:07;full;https://careers.aps.org/jobs/16440803/accelerator-physicist;aps.org;Exciting opportunity in Menlo Park, CA for SLAC National Accelerator Laboratory as a Accelerator ...;"Use this area to filter your search results. Each filter option allows for multiple selections. Level Entry Level (40) Experienced (160) Summer Research/Internship (38) Sector Academic (128) Government and National Lab (54) Non-Profit (15) Other (2) Private Sector (57) Degree/Education 4 Year Degree (32) Current Undergraduate (35) Doctorate (147) Masters (24) 
 Save Agent Sunnyvale, California Quantum Hardware Engineer Munich, Germany Boise, Idaho Quantum Engineer, Simulation Berkeley, California Quantum Engineer, Amplifiers Berkeley, California The Linac Coherent Light Source (LCLS), located at SLAC, began operation twelve years ago as the world's first hard x-ray free-electron laser, producing ultra-fast pulses of coherent x-rays with unprecedented brightness.";aps.org;1741;news;US;en;[];http://careers.aps.org/nsutilities/showLogo.cfm?id=1291567&orgType=employer&logoType=Primary&shareposting=1;False;;8.984013;066bc818bc462b0c4fbc7285d8ef5745
34;Two of Japan's weirdest comedies have arrived in the UK;James Balmont (info@dazedgroup.com);2022-03-17 17:41:00;full;https://www.dazeddigital.com/film-tv/article/55710/1/japanese-comedies-funky-forest-the-warped-forest;dazeddigital.com;The early 00s was a vibrant time for weird and wacky Japanese cinema – and Funky Forest and The Warped Forest are no exception;"17March 2022TextJames BalmontFunky Forest and The Warped Forest26 Try and imagine Monty Python, Airplane and William S Burroughs' Naked Lunch all rolled into one. You're still some way off from comprehending the madness of Funky Forest and The Warped Forest – two of the most absurd cult comedies to emerge out of Japan in the 21st century.
Like a melting pot of surreal sci-fi, unlikely melodrama, musical set-pieces and wacky animation, these anthology works shuffle a pantheon of episodic sketches together like a pack of novelty playing cards, or a zany variety show from another dimension.";dazeddigital.com;4196;entertainment;GB;en;['James Balmont'];https://dazedimg-dazedgroup.netdna-ssl.com/1200/0-0-1419-946/azure/dazed-prod/1320/2/1322135.jpg;False;@Dazed;8.940275;ce0ef506e35013ff0e844310e5d93bd7
35;Advanced Topic Modeling Tutorial: How to Use SVD & NMF in Python;Bala Priya C;2022-03-16 10:16:16;full;https://hackernoon.com/advanced-topic-modeling-tutorial-how-to-use-svd-and-nmf-in-python-to-find-topics-in-text;hackernoon.com;In NLP, Topic Modeling is an unsupervised learning problem that finds abstract topics in a text corpus. Learn to use SVD and NMF in Python for topic modeling.;"Self-taught programmer from India who enjoys reading, writing, and coding.In the context of Natural Language Processing (NLP), topic modeling is an unsupervised learning problem whose goal is to find abstract topics in a collection of documents. Topic Modeling answers the question: ""Given a text corpus of many documents, can we find the abstract topics that the text is talking about?""In this tutorial, you'll:Learn about two powerful matrix factorization techniques - Singular Value Decomposition (SVD) and Non-negative Matrix Factorization (NMF)  Use them to find topics in a collection of documentsBy the end of this tutorial, you'll be able to build your own topic models to find topics in any piece of text.";hackernoon.com;1899;tech;US;en;['Bala Priya C'];https://cdn.hackernoon.com/images/BYWRsHWtmGOUC5N4fwNhMqohMAC3-hx93jo0.jpeg;False;;8.893198;f6aa82a4caa0843521cac1a032de7876
36;Supply Chain Officer (Planning & Optimization) P3;World Food Programme;2022-03-18 08:12:38;full;https://reliefweb.int/job/3828690/supply-chain-officer-planning-optimization-p3;reliefweb.int;"Logistics/Procurement Job in Kenya, requiring 5-9 years of experience, from WFP; closing on 03 Apr 2022";WFP celebrates and embraces diversity. It is committed to the principle of equal employment opportunity for all its employees and encourages qualified candidates to apply irrespective of race, colour, national origin, ethnic or social background, genetic information, gender, gender identity and/or expression, sexual orientation, religion or belief, HIV status, physical or mental disability. Are you a Supply Chain Planning & Optimization professional interested in further developing your professional experience while contributing to ending global hunger? Are you passionate about helping those in need? Would you like to join a global organisation investing in its people? If so, an exciting & fulfilling career awaits you!!! Join our diverse and passionate team that works on varied and international projects directly contributing to saving & changing millions of lives around the globe.;You should respect the intellectual property rights of the original source. Please contact the source directly if you want to re-use their content.;2366;economics;LR;en;['World Food Programme'];https://reliefweb.int/apple-touch-icon.png;False;@reliefweb;8.837508;3cc10872f2edca2d24d5d0dd1f53eab1
37;12 essential time travel movies you should watch after seeing 'The Adam Project';Tara Bennett;2022-03-14 19:53:10;full;https://www.syfy.com/syfy-wire/best-time-travel-movies;syfy.com;The Adam Project, director Shawn Levy's new family-centric, time-travel adventure, became part of our timeline when it premiered on Netflix on March 11. Ryan Reynolds stars as Adam Reed, a time…;The Adam Project, director Shawn Levy's new family-centric, time-travel adventure, became part of our timeline when it premiered on Netflix on March 11. Ryan Reynolds stars as Adam Reed, a time-traveling fighter pilot in the future who crashes into the past (our 2022) and connects with his 12-year-old self to save the future. Confused?  It all makes sense, but most importantly, the film got us revisiting the past and thinking about all of the fantastic time travel movies that have been accessible to both kids and adults.;syfy.com;2970;news;US;en;[];https://www.syfy.com/sites/syfy/files/2022/01/TAP_20210111_03929r.jpg;False;@syfy;8.784966;e7ed8041f48c76b90514c714d837c650
38;Accelerating Topic modeling with RAPIDS and BERT models;Vibhu Jawa;2022-03-15 14:01:08;full;https://medium.com/rapids-ai/accelerating-topic-modeling-with-rapids-and-bert-models-be9909eeed2;medium.com;Topic modeling for text processing, Deep Learning based embedding creation, reduction, and clustering on GPUs.;By: Vibhu Jawa and Mayank AnandMost of the text data in the wild is unlabelled and topic modeling is often the first tool that a data scientist deploys to make sense of it all. Topic modeling is an unsupervised machine learning technique that automatically analyzes text data to determine clusters of words and phrases based on their commonality.From e-commerce companies using topic modeling to do auto product categorization to SaaS (Software as service) companies using it to automate issue ticket mapping to provide effective customer service, to streaming companies using it to recommend better content to even bioinformatic researchers using it to extract hidden knowledge and relations in the exponentially growing bioinformatics data, the use cases of topic modeling run deep and wide.;medium.com;52;news;US;en;['Vibhu Jawa'];https://miro.medium.com/max/1104/0*yx09EkpyaYlfaeZu;False;@rapidsai;7.639854;e405f114c782b892067b05751dceecdb
39;Explore: Harpur Week from March 28 to April 1;Jennifer Micale;2022-03-17 16:26:36;full;https://www.binghamton.edu/news/story/3520/explore-harpur-week-from-march-28-to-april-1;binghamton.edu;During the first-ever Harpur Week, from March 28 through April 1, students will explore the many opportunities and areas of study available through Harpur College, and have fun along the way.;Harpur College of Arts and Sciences is the oldest and largest school in Binghamton University. With 39 departments ranging from math and physical sciences to social sciences, the humanities, the fine and performing arts, and interdisciplinary fields, it's easy to feel a little lost. Enter the first-ever Harpur Week, which runs from March 28 through April 1. Students will explore the many opportunities and areas of study available through Harpur College, and have a good deal of fun along the way. Events include a meet-the-faculty fair, department information sessions, film screenings, tours, trivia events with prizes, faculty flash talks and more.;binghamton.edu;3902;science;US;en;['Jennifer Micale'];https://www.binghamton.edu/news/images/uploads/features/_normal/20210830_StudentsWalking01_jwc-2.jpg;False;;7.432923;3af6e5d710a67f34e245a5ec8e96ced5
40;Explore Different Ways You Can Use Data Visualization to Help Your Nonprofit;TechSoup;2022-03-16 03:54:58;full;https://hackernoon.com/explore-different-ways-you-can-use-data-visualization-to-help-your-nonprofit;hackernoon.com;Data Visualization can be a crucial tool for your nonprofit. Figure out when to use and how to use it to improve your organization.;Reporting on various programs and projects is an integral part of gauging the success of your nonprofit's activities. This exercise is crucial not only to internal stakeholders, but also to funders, donors, and the world at large.Data visualizations are arguably the most effective way to translate large amounts of information into bite-sized pieces that are easier for others to digest. In fact, data visualization is the only way to convey certain data in a comprehensible way, such as those data that are found using heat maps (which we'll get to later).;hackernoon.com;1899;tech;US;en;['TechSoup'];https://cdn.hackernoon.com/images/M6G22rxQzLTqx37eMqcSVG1Ybvj2-nf93wdb.jpeg;False;;6.879307;26da883b26a460976787611b1524fb7e
41;Meltwater N : What Is Data Analytics?;;2022-03-14 09:44:10;full;https://www.marketscreener.com/quote/stock/MELTWATER-N-V-116042272/news/Meltwater-N-What-Is-Data-Analytics-39753118/?utm_medium=RSS;marketscreener.com;How can I grow my business? How do customers interact with my newly launched product? How do I increase the productivity of my employees? ... | March 14, 2022;How can I grow my business? How do customers interact with my newly launched product? How do I increase the productivity of my employees? How do I know if my marketing efforts are working? We have just two words for you...Data analytics! In this post we will dive into this complex field and give you an idea what data analytics is why it's important for your business what it takes to be a data analyst how brands are using data analytics technology to improve their work processes and more. Let's get started! Data Analytics Definition Data analytics (DA) is the process of analysing, collecting, organizing and storing raw data to gain insights relevant to business operations.;Copyright 2001 - 2022 Surperformance;5864;finance;US;en;[];https://www.marketscreener.com/images/twitter_MS_fdnoir.png;False;;6.8723407;8944cbef758358f31135c2bf0ac452b5
42;I Am 30, Unmarried And Unhappy At My Job. I Want To have a career change;;2022-03-14 14:45:00;timezone unknown;https://www.nairaland.com/7029119/30-unmarried-unhappy-job-want;nairaland.com;Nairaland Forum / Nairaland / General / Career / I Am 30, Unmarried And Unhappy At My Job. I Want To have a career change (27729 Views) Unmarried Policewoman Sacked For Getting Pregnant / I Earn Over…;Nairaland Forum / Nairaland / General / Career / I Am 30, Unmarried And Unhappy At My Job. I Want To have a career change (27729 Views) Unmarried Policewoman Sacked For Getting Pregnant / I Earn Over 300K Monthly... But I Don't Love My Job / Do Not Accept A Banking Job - I Refused To Listen (2) (3) (4) (1) (2) (3) (4) (5) (6) (7) (8) (Reply) (Go Down)I Am 30, Unmarried And Unhappy At My Job. I Want To have a career change by Betterprospect: 10:38amGood day Nairalander. I'm single, 30 years old. I studied agriculture related course at University level, and I presently worked in that field and I earned about 120k monthly.;nairaland.com;7817;news;NG;en;[];https://www.nairaland.com/vertipics/mruccl261psj4gkuut6etune196m6lyj.jpg;False;;6.085003;bbd1f10050241b211dfffd1a82b3ca01
43;Neuronal Apoptosis in Patients with Liver Cirrhosis and Neuronal Epileptiform Discharge Model Based upon Multi-Modal Fusion Deep Learning;Nannan Chi | Xiuping Wang | ... | Jianan Yu;2022-03-17 06:05:00;full;https://www.hindawi.com/journals/jhe/2022/2203737;hindawi.com;Neurons refer to nerve cells. Each neuron is connected with thousands of other neurons to form a corresponding functional area and carry out complex communication with other functional areas. Its…;Neurons refer to nerve cells. Each neuron is connected with thousands of other neurons to form a corresponding functional area and carry out complex communication with other functional areas. Its importance to the human body is self-evident. There are also many scholars studying the mechanism of apoptosis. This paper proposes a study of neuronal apoptosis in patients with liver cirrhosis and neuronal epileptiform discharge models based on multi-modal fusion deep learning, aiming to study the influencing factors of abnormal neuronal discharge in the brain.;Copyright © 2022 Nannan Chi et al. All rights reserved.;1388;science;GB;en;['Nannan Chi, Xiuping Wang, Yun Yu, Manman Wu, and Jianan Yu'];https://images.hindawi.com/journals/jhe/jhe.banner.jpg;False;;5.8856835;d16924133d1596cf35dbc5eb330dfbff
44;"The CDC ""whistleblower"" manufactroversy: Twitter parties and another ""bombshell"" e-mail";oracknows on August 26, 2014.;2022-03-14 21:00:00;timezone unknown;https://scienceblogs.com/insolence/2014/08/27/the-cdc-whistleblower-manufactroversy-twitter-parties-and-another-bombshell-e-mail;scienceblogs.com;Remember yesterday how, I referenced the ever-awesome bit about the Holy Hand Grenade of Antioch in Monty Python and the Holy Grail and how after pulling the pin you must count to three, no more, no…;"Remember yesterday how, I referenced the ever-awesome bit about the Holy Hand Grenade of Antioch in Monty Python and the Holy Grail and how after pulling the pin you must count to three, no more, no less, before lobbing the grenade at thine enemies? The implication was, of course, that I was on my third post in a row about the so-called 'CDC whistleblower' and that was enough.
I lied.
Well, no, actually I didn't lie. (But look for a crank to quote mine that two-word sentence.) Rather, I changed my mind.";scienceblogs.com;3612;science;US;en;[];https://scienceblogs.com/files/insolence/files/2014/08/CDC-DOJ-Investigation-MMR-Vaccine-Autism-NN-Watermark.jpg;False;@ScienceBlogs;5.790364;50ad7e63864ea019c5cfd5efe9e96581
